Column1,Column2,Column3
plane,orange,orange
parent,one,mountain
c++,,car
def,,one
bicycle,,bike
movie,,
happy,,
three,,
lorem,,
tea,,
mountain,,
bar,,
java,,
music,,
cake,,
pen,,
baz,,
python,,
cookie,,
night,,
almond,,
angry,,
morning,,
horse,,
123,,
moon,,
left,,
science,,
hello,,
math,,
dog,,
city,,
jkl,,
sun,,
two,,
summer,,
rock,,
dolor,,
world,,
cashew,,
table,,
abc,,
star,,
chair,,
one,,
black,,
right,,
juice,,
shoes,,
blue,,
fish,,
river,,
gamma,,
cow,,
run,,
sandals,,
red,,
spring,,
pqr,,
motorcycle,,
mouse,,
white,,
xyz,,
banana,,
socks,,
ghi,,
gpt,,
history,,
icecream,,
marker,,
desk,,
valley,,
swim,,
student,,
foo,,
book,,
winter,,
house,,
bike,,
apple,,
lemon,,
teacher,,
paper,,
car,,
alpha,,
cat,,
sad,,
peanut,,
beta,,
sheep,,
keyboard,,
green,,
center,,
lime,,
monitor,,
pencil,,
mno,,
orange,,
scissors,,
afternoon,,
coffee,,
beach,,
apartment,,
villa,,
